driver_id,name,manufacturer,lap,lap_time,lap_speed,running_pos,flag_state,is_green_running
4272,Zane Smith,Frd,1,53.922,166.908,16,1,True
4272,Zane Smith,Frd,2,53.343,168.719,18,2,True
4272,Zane Smith,Frd,11,52.122,172.672,23,1,True
4272,Zane Smith,Frd,12,49.688,181.13,24,1,True
4272,Zane Smith,Frd,13,47.437,189.725,22,1,True
4272,Zane Smith,Frd,14,48.558,185.345,25,1,True
4272,Zane Smith,Frd,15,48.545,185.395,26,1,True
4272,Zane Smith,Frd,16,48.082,187.18,23,1,True
4272,Zane Smith,Frd,17,48.32,186.258,21,1,True
4272,Zane Smith,Frd,18,48.792,184.456,20,1,True
4272,Zane Smith,Frd,19,48.37,186.066,18,1,True
4272,Zane Smith,Frd,20,48.738,184.661,16,1,True
4272,Zane Smith,Frd,26,51.854,173.564,24,1,True
4272,Zane Smith,Frd,27,48.578,185.269,25,1,True
4272,Zane Smith,Frd,28,50.558,178.013,25,2,True
4272,Zane Smith,Frd,36,50.517,178.158,21,1,True
4272,Zane Smith,Frd,37,47.309,190.239,19,1,True
4272,Zane Smith,Frd,38,48.087,187.161,18,1,True
4272,Zane Smith,Frd,39,50.263,179.058,19,1,True
4272,Zane Smith,Frd,40,66.853,134.624,15,2,True
4272,Zane Smith,Frd,48,52.454,171.579,4,1,True
4272,Zane Smith,Frd,49,48.288,186.382,4,1,True
4272,Zane Smith,Frd,50,48.128,187.001,4,1,True
4272,Zane Smith,Frd,51,47.863,188.037,2,1,True
4272,Zane Smith,Frd,52,47.954,187.68,2,1,True
4272,Zane Smith,Frd,53,48.045,187.324,1,1,True
4272,Zane Smith,Frd,54,48.164,186.862,2,1,True
4272,Zane Smith,Frd,55,47.862,188.041,2,1,True
4272,Zane Smith,Frd,56,47.954,187.68,5,1,True
4272,Zane Smith,Frd,57,48.381,186.023,7,1,True
4272,Zane Smith,Frd,58,49.831,180.61,4,2,True
4272,Zane Smith,Frd,65,52.083,172.801,1,1,True
4272,Zane Smith,Frd,66,48.294,186.359,1,1,True
4272,Zane Smith,Frd,67,47.756,188.458,1,1,True
4272,Zane Smith,Frd,68,54.566,164.938,1,2,True
4342,Tanner Gray,Tyt,1,53.761,167.408,20,1,True
4342,Tanner Gray,Tyt,2,53.831,167.19,22,2,True
4342,Tanner Gray,Tyt,11,51.788,173.785,19,1,True
4342,Tanner Gray,Tyt,12,48.567,185.311,14,1,True
4342,Tanner Gray,Tyt,13,48.221,186.641,12,1,True
4342,Tanner Gray,Tyt,14,48.417,185.885,11,1,True
4342,Tanner Gray,Tyt,15,48.452,185.751,14,1,True
4342,Tanner Gray,Tyt,16,48.53,185.452,13,1,True
4342,Tanner Gray,Tyt,17,48.416,185.889,11,1,True
4342,Tanner Gray,Tyt,18,48.723,184.718,10,1,True
4342,Tanner Gray,Tyt,19,48.494,185.59,9,1,True
4342,Tanner Gray,Tyt,20,48.784,184.487,8,1,True
4342,Tanner Gray,Tyt,26,52.369,171.857,16,1,True
4342,Tanner Gray,Tyt,27,48.515,185.51,17,1,True
4342,Tanner Gray,Tyt,28,48.594,185.208,16,2,True
4342,Tanner Gray,Tyt,35,51.868,173.517,33,1,True
4342,Tanner Gray,Tyt,36,48.741,184.649,33,1,True
4342,Tanner Gray,Tyt,37,48.558,185.345,33,1,True
4342,Tanner Gray,Tyt,38,50.394,178.593,33,1,True
4342,Tanner Gray,Tyt,42,67.638,133.061,29,2,True
4342,Tanner Gray,Tyt,48,52.29,172.117,24,1,True
4342,Tanner Gray,Tyt,49,47.199,190.682,21,1,True
4342,Tanner Gray,Tyt,50,47.546,189.29,14,1,True
4342,Tanner Gray,Tyt,51,47.774,188.387,11,1,True
4342,Tanner Gray,Tyt,52,48.001,187.496,12,1,True
4342,Tanner Gray,Tyt,53,48.067,187.239,11,1,True
4342,Tanner Gray,Tyt,54,48.248,186.536,13,1,True
4342,Tanner Gray,Tyt,55,47.944,187.719,12,1,True
4342,Tanner Gray,Tyt,56,47.835,188.147,13,1,True
4342,Tanner Gray,Tyt,57,48.296,186.351,14,1,True
4342,Tanner Gray,Tyt,58,52.177,172.49,10,2,True
4342,Tanner Gray,Tyt,65,52.074,172.831,2,1,True
4342,Tanner Gray,Tyt,66,48.275,186.432,2,1,True
4342,Tanner Gray,Tyt,67,47.782,188.355,2,1,True
4342,Tanner Gray,Tyt,68,54.964,163.744,2,2,True
4268,Christian Eckes,Chv,1,54.228,165.966,3,1,True
4268,Christian Eckes,Chv,2,50.609,177.834,1,2,True
4268,Christian Eckes,Chv,11,51.946,173.257,1,1,True
4268,Christian Eckes,Chv,12,48.959,183.827,1,1,True
4268,Christian Eckes,Chv,13,48.372,186.058,2,1,True
4268,Christian Eckes,Chv,14,48.492,185.598,2,1,True
4268,Christian Eckes,Chv,15,48.14,186.955,1,1,True
4268,Christian Eckes,Chv,16,48.631,185.067,1,1,True
4268,Christian Eckes,Chv,17,48.456,185.736,1,1,True
4268,Christian Eckes,Chv,18,48.933,183.925,1,1,True
4268,Christian Eckes,Chv,19,48.558,185.345,2,1,True
4268,Christian Eckes,Chv,20,48.693,184.831,1,1,True
4268,Christian Eckes,Chv,21,65.087,138.276,1,2,True
4268,Christian Eckes,Chv,26,52.546,171.278,9,1,True
4268,Christian Eckes,Chv,27,48.559,185.342,9,1,True
4268,Christian Eckes,Chv,28,48.681,184.877,12,2,True
4268,Christian Eckes,Chv,36,52.258,172.222,16,1,True
4268,Christian Eckes,Chv,37,47.985,187.559,10,1,True
4268,Christian Eckes,Chv,38,48.59,185.223,12,1,True
4268,Christian Eckes,Chv,39,48.603,185.174,5,1,True
4268,Christian Eckes,Chv,40,53.393,168.561,5,2,True
4268,Christian Eckes,Chv,48,51.988,173.117,1,1,True
4268,Christian Eckes,Chv,49,48.449,185.762,5,1,True
4268,Christian Eckes,Chv,50,48.148,186.924,6,1,True
4268,Christian Eckes,Chv,51,47.856,188.064,3,1,True
4268,Christian Eckes,Chv,52,47.969,187.621,4,1,True
4268,Christian Eckes,Chv,53,48.011,187.457,3,1,True
4268,Christian Eckes,Chv,54,48.183,186.788,4,1,True
4268,Christian Eckes,Chv,55,47.87,188.009,3,1,True
4268,Christian Eckes,Chv,56,47.679,188.762,2,1,True
4268,Christian Eckes,Chv,57,48.139,186.959,2,1,True
4268,Christian Eckes,Chv,58,49.91,180.325,2,2,True
4268,Christian Eckes,Chv,65,51.885,173.461,5,1,True
4268,Christian Eckes,Chv,66,48.231,186.602,4,1,True
4268,Christian Eckes,Chv,67,47.827,188.178,4,1,True
4268,Christian Eckes,Chv,68,55.084,163.387,4,2,True
4344,Colby Howard,Chv,1,53.65,167.754,22,1,True
4344,Colby Howard,Chv,2,53.013,169.77,19,2,True
4344,Colby Howard,Chv,11,51.647,174.26,25,1,True
4344,Colby Howard,Chv,12,49.169,183.042,22,1,True
4344,Colby Howard,Chv,13,48.14,186.955,25,1,True
4344,Colby Howard,Chv,14,47.698,188.687,22,1,True
4344,Colby Howard,Chv,15,48.869,184.166,25,1,True
4344,Colby Howard,Chv,16,48.343,186.17,24,1,True
4344,Colby Howard,Chv,17,49.391,182.219,24,1,True
4344,Colby Howard,Chv,18,48.632,185.063,22,1,True
4344,Colby Howard,Chv,19,48.17,186.838,21,1,True
4344,Colby Howard,Chv,20,48.859,184.204,21,1,True
4344,Colby Howard,Chv,26,52.774,170.539,4,1,True
4344,Colby Howard,Chv,27,48.535,185.433,3,1,True
4344,Colby Howard,Chv,28,48.559,185.342,2,2,True
4344,Colby Howard,Chv,36,52.356,171.9,3,1,True
4344,Colby Howard,Chv,37,48.301,186.332,1,1,True
4344,Colby Howard,Chv,38,48.496,185.582,1,1,True
4344,Colby Howard,Chv,39,49.294,182.578,11,1,True
4344,Colby Howard,Chv,48,51.918,173.35,16,1,True
4344,Colby Howard,Chv,49,48.52,185.491,19,1,True
4344,Colby Howard,Chv,50,48.539,185.418,21,1,True
4344,Colby Howard,Chv,51,49.328,182.452,21,1,True
4344,Colby Howard,Chv,52,48.569,185.303,21,1,True
4344,Colby Howard,Chv,53,47.613,189.024,21,1,True
4344,Colby Howard,Chv,54,47.805,188.265,21,1,True
4344,Colby Howard,Chv,55,49.349,182.375,21,1,True
4344,Colby Howard,Chv,56,48.793,184.453,21,1,True
4344,Colby Howard,Chv,57,47.751,188.478,21,1,True
4344,Colby Howard,Chv,58,60.754,148.138,18,2,True
4344,Colby Howard,Chv,65,51.957,173.22,3,1,True
4344,Colby Howard,Chv,66,48.257,186.501,3,1,True
4344,Colby Howard,Chv,67,47.794,188.308,3,1,True
4344,Colby Howard,Chv,68,55.117,163.289,3,2,True
3978,Grant Enfinger,Chv,1,53.771,167.376,12,1,True
3978,Grant Enfinger,Chv,2,52.175,172.496,10,2,True
3978,Grant Enfinger,Chv,11,52.018,173.017,11,1,True
3978,Grant Enfinger,Chv,12,48.657,184.968,9,1,True
3978,Grant Enfinger,Chv,13,48.358,186.112,10,1,True
3978,Grant Enfinger,Chv,14,48.454,185.743,10,1,True
3978,Grant Enfinger,Chv,15,48.225,186.625,7,1,True
3978,Grant Enfinger,Chv,16,48.572,185.292,8,1,True
3978,Grant Enfinger,Chv,17,48.51,185.529,8,1,True
3978,Grant Enfinger,Chv,18,48.844,184.26,9,1,True
3978,Grant Enfinger,Chv,19,48.552,185.368,10,1,True
3978,Grant Enfinger,Chv,20,48.935,183.917,10,1,True
3978,Grant Enfinger,Chv,26,52.346,171.933,13,1,True
3978,Grant Enfinger,Chv,27,48.55,185.376,13,1,True
3978,Grant Enfinger,Chv,28,48.484,185.628,10,2,True
3978,Grant Enfinger,Chv,36,51.986,173.124,8,1,True
3978,Grant Enfinger,Chv,37,48.566,185.315,11,1,True
3978,Grant Enfinger,Chv,38,48.449,185.762,10,1,True
3978,Grant Enfinger,Chv,39,48.729,184.695,6,1,True
3978,Grant Enfinger,Chv,40,53.625,167.832,6,2,True
3978,Grant Enfinger,Chv,48,52.211,172.377,10,1,True
3978,Grant Enfinger,Chv,49,48.334,186.204,10,1,True
3978,Grant Enfinger,Chv,50,48.032,187.375,9,1,True
3978,Grant Enfinger,Chv,51,48.055,187.285,12,1,True
3978,Grant Enfinger,Chv,52,47.973,187.606,11,1,True
3978,Grant Enfinger,Chv,53,48.096,187.126,12,1,True
3978,Grant Enfinger,Chv,54,48.01,187.461,10,1,True
3978,Grant Enfinger,Chv,55,48.056,187.282,10,1,True
3978,Grant Enfinger,Chv,56,47.674,188.782,9,1,True
3978,Grant Enfinger,Chv,57,48.191,186.757,9,1,True
3978,Grant Enfinger,Chv,58,53.068,169.594,11,2,True
3978,Grant Enfinger,Chv,65,51.165,175.901,10,1,True
3978,Grant Enfinger,Chv,66,48.199,186.726,9,1,True
3978,Grant Enfinger,Chv,67,47.851,188.084,7,1,True
3978,Grant Enfinger,Chv,68,55.133,163.242,5,2,True
4235,Ty Majeski,Frd,1,54.352,165.587,1,1,True
4235,Ty Majeski,Frd,2,51.2,175.781,3,2,True
4235,Ty Majeski,Frd,11,52.235,172.298,5,1,True
4235,Ty Majeski,Frd,12,48.619,185.113,4,1,True
4235,Ty Majeski,Frd,13,48.353,186.131,3,1,True
4235,Ty Majeski,Frd,14,48.48,185.644,3,1,True
4235,Ty Majeski,Frd,15,48.438,185.805,6,1,True
4235,Ty Majeski,Frd,16,48.54,185.414,6,1,True
4235,Ty Majeski,Frd,17,48.51,185.529,6,1,True
4235,Ty Majeski,Frd,18,48.7,184.805,4,1,True
4235,Ty Majeski,Frd,19,48.371,186.062,1,1,True
4235,Ty Majeski,Frd,20,49.135,183.169,6,1,True
4235,Ty Majeski,Frd,21,68.936,130.556,4,2,True
4235,Ty Majeski,Frd,26,52.434,171.644,11,1,True
4235,Ty Majeski,Frd,27,48.564,185.322,11,1,True
4235,Ty Majeski,Frd,28,48.684,184.866,13,2,True
4235,Ty Majeski,Frd,36,51.965,173.193,10,1,True
4235,Ty Majeski,Frd,37,48.554,185.361,13,1,True
4235,Ty Majeski,Frd,38,48.463,185.709,14,1,True
4235,Ty Majeski,Frd,39,48.833,184.302,12,1,True
4235,Ty Majeski,Frd,40,53.731,167.501,8,2,True
4235,Ty Majeski,Frd,48,51.62,174.351,17,1,True
4235,Ty Majeski,Frd,49,47.855,188.068,14,1,True
4235,Ty Majeski,Frd,50,48.033,187.371,11,1,True
4235,Ty Majeski,Frd,51,48.054,187.289,14,1,True
4235,Ty Majeski,Frd,52,47.979,187.582,14,1,True
4235,Ty Majeski,Frd,53,48.093,187.137,14,1,True
4235,Ty Majeski,Frd,54,47.996,187.516,12,1,True
4235,Ty Majeski,Frd,55,48.08,187.188,13,1,True
4235,Ty Majeski,Frd,56,47.684,188.743,11,1,True
4235,Ty Majeski,Frd,57,48.173,186.827,11,1,True
4235,Ty Majeski,Frd,58,54.58,164.896,12,2,True
4235,Ty Majeski,Frd,62,65.295,137.836,26,2,True
4235,Ty Majeski,Frd,65,51.81,173.712,8,1,True
4235,Ty Majeski,Frd,66,48.21,186.683,7,1,True
4235,Ty Majeski,Frd,67,47.858,188.056,5,1,True
4235,Ty Majeski,Frd,68,55.301,162.746,6,2,True
4296,Tyler Ankrum,Tyt,1,53.758,167.417,27,1,True
4296,Tyler Ankrum,Tyt,2,54.319,165.688,26,2,True
4296,Tyler Ankrum,Tyt,11,51.139,175.991,30,1,True
4296,Tyler Ankrum,Tyt,12,49.2,182.927,25,1,True
4296,Tyler Ankrum,Tyt,13,47.472,189.585,24,1,True
4296,Tyler Ankrum,Tyt,14,47.487,189.526,19,1,True
4296,Tyler Ankrum,Tyt,15,48.279,186.416,17,1,True
4296,Tyler Ankrum,Tyt,16,48.523,185.479,18,1,True
4296,Tyler Ankrum,Tyt,17,48.47,185.682,17,1,True
4296,Tyler Ankrum,Tyt,18,48.766,184.555,16,1,True
4296,Tyler Ankrum,Tyt,19,48.443,185.785,15,1,True
4296,Tyler Ankrum,Tyt,20,48.77,184.54,12,1,True
4296,Tyler Ankrum,Tyt,26,52.94,170.004,2,1,True
4296,Tyler Ankrum,Tyt,27,48.5,185.567,1,1,True
4296,Tyler Ankrum,Tyt,28,48.57,185.3,1,2,True
4296,Tyler Ankrum,Tyt,36,52.243,172.272,1,1,True
4296,Tyler Ankrum,Tyt,37,48.566,185.315,3,1,True
4296,Tyler Ankrum,Tyt,38,48.399,185.954,2,1,True
4296,Tyler Ankrum,Tyt,39,48.937,183.91,2,1,True
4296,Tyler Ankrum,Tyt,40,52.108,172.718,1,2,True
4296,Tyler Ankrum,Tyt,48,52.107,172.722,2,1,True
4296,Tyler Ankrum,Tyt,49,48.265,186.471,3,1,True
4296,Tyler Ankrum,Tyt,50,48.13,186.994,2,1,True
4296,Tyler Ankrum,Tyt,51,48.039,187.348,4,1,True
4296,Tyler Ankrum,Tyt,52,47.965,187.637,3,1,True
4296,Tyler Ankrum,Tyt,53,48.108,187.079,5,1,True
4296,Tyler Ankrum,Tyt,54,48.017,187.434,3,1,True
4296,Tyler Ankrum,Tyt,55,48.034,187.367,4,1,True
4296,Tyler Ankrum,Tyt,56,47.678,188.766,3,1,True
4296,Tyler Ankrum,Tyt,57,48.153,186.904,3,1,True
4296,Tyler Ankrum,Tyt,58,49.83,180.614,3,2,True
4296,Tyler Ankrum,Tyt,65,52.34,171.953,4,1,True
4296,Tyler Ankrum,Tyt,66,48.319,186.262,5,1,True
4296,Tyler Ankrum,Tyt,67,48.023,187.41,6,1,True
4296,Tyler Ankrum,Tyt,68,55.627,161.792,7,2,True
4387,Corey Heim,Tyt,1,54.039,166.546,13,1,True
4387,Corey Heim,Tyt,2,52.939,170.007,16,2,True
4387,Corey Heim,Tyt,11,51.665,174.199,14,1,True
4387,Corey Heim,Tyt,12,48.947,183.872,17,1,True
4387,Corey Heim,Tyt,13,48.227,186.617,15,1,True
4387,Corey Heim,Tyt,14,48.425,185.854,15,1,True
4387,Corey Heim,Tyt,15,48.215,186.664,13,1,True
4387,Corey Heim,Tyt,16,48.582,185.254,14,1,True
4387,Corey Heim,Tyt,17,48.619,185.113,16,1,True
4387,Corey Heim,Tyt,18,48.836,184.29,17,1,True
4387,Corey Heim,Tyt,19,48.567,185.311,17,1,True
4387,Corey Heim,Tyt,20,49.311,182.515,18,1,True
4387,Corey Heim,Tyt,26,50.709,177.483,25,1,True
4387,Corey Heim,Tyt,27,48.594,185.208,26,1,True
4387,Corey Heim,Tyt,28,50.544,178.063,26,2,True
4387,Corey Heim,Tyt,36,53.434,168.432,25,1,True
4387,Corey Heim,Tyt,37,48.14,186.955,24,1,True
4387,Corey Heim,Tyt,38,47.575,189.175,21,1,True
4387,Corey Heim,Tyt,39,49.68,181.159,22,1,True
4387,Corey Heim,Tyt,40,68.73,130.947,17,2,True
4387,Corey Heim,Tyt,48,52.39,171.789,5,1,True
4387,Corey Heim,Tyt,49,48.048,187.313,2,1,True
4387,Corey Heim,Tyt,50,48.298,186.343,3,1,True
4387,Corey Heim,Tyt,51,48.022,187.414,5,1,True
4387,Corey Heim,Tyt,52,47.967,187.629,5,1,True
4387,Corey Heim,Tyt,53,48.108,187.079,6,1,True
4387,Corey Heim,Tyt,54,48.044,187.328,5,1,True
4387,Corey Heim,Tyt,55,48.023,187.41,5,1,True
4387,Corey Heim,Tyt,56,47.671,188.794,4,1,True
4387,Corey Heim,Tyt,57,48.172,186.831,4,1,True
4387,Corey Heim,Tyt,58,50.806,177.144,5,2,True
4387,Corey Heim,Tyt,65,52.068,172.851,9,1,True
4387,Corey Heim,Tyt,66,48.287,186.386,10,1,True
4387,Corey Heim,Tyt,67,47.924,187.797,9,1,True
4387,Corey Heim,Tyt,68,55.783,161.339,8,2,True
694,Matt Crafton,Frd,1,54.042,166.537,4,1,True
694,Matt Crafton,Frd,2,50.819,177.099,2,2,True
694,Matt Crafton,Frd,11,52.238,172.288,4,1,True
694,Matt Crafton,Frd,12,48.654,184.98,2,1,True
694,Matt Crafton,Frd,13,48.268,186.459,1,1,True
694,Matt Crafton,Frd,14,48.489,185.609,1,1,True
694,Matt Crafton,Frd,15,48.512,185.521,4,1,True
694,Matt Crafton,Frd,16,48.531,185.448,4,1,True
694,Matt Crafton,Frd,17,48.501,185.563,4,1,True
694,Matt Crafton,Frd,18,48.688,184.85,2,1,True
694,Matt Crafton,Frd,19,48.589,185.227,3,1,True
694,Matt Crafton,Frd,20,48.795,184.445,2,1,True
694,Matt Crafton,Frd,21,67.909,132.53,2,2,True
694,Matt Crafton,Frd,26,52.518,171.37,8,1,True
694,Matt Crafton,Frd,27,48.502,185.559,7,1,True
694,Matt Crafton,Frd,28,48.562,185.33,5,2,True
694,Matt Crafton,Frd,36,52.081,172.808,4,1,True
694,Matt Crafton,Frd,37,48.553,185.364,7,1,True
694,Matt Crafton,Frd,38,48.452,185.751,6,1,True
694,Matt Crafton,Frd,39,48.92,183.974,8,1,True
694,Matt Crafton,Frd,40,52.839,170.329,3,2,True
694,Matt Crafton,Frd,48,52.361,171.884,8,1,True
694,Matt Crafton,Frd,49,48.293,186.362,8,1,True
694,Matt Crafton,Frd,50,48.073,187.215,7,1,True
694,Matt Crafton,Frd,51,48.044,187.328,10,1,True
694,Matt Crafton,Frd,52,47.995,187.52,9,1,True
694,Matt Crafton,Frd,53,48.081,187.184,10,1,True
694,Matt Crafton,Frd,54,48.034,187.367,8,1,True
694,Matt Crafton,Frd,55,48.042,187.336,8,1,True
694,Matt Crafton,Frd,56,47.659,188.842,7,1,True
694,Matt Crafton,Frd,57,48.205,186.703,6,1,True
694,Matt Crafton,Frd,58,51.01,176.436,7,2,True
694,Matt Crafton,Frd,65,52.322,172.012,6,1,True
694,Matt Crafton,Frd,66,48.294,186.359,6,1,True
694,Matt Crafton,Frd,67,48.046,187.32,8,1,True
694,Matt Crafton,Frd,68,56.197,160.151,9,2,True
4062,Chase Elliott(i),Chv,1,53.821,167.221,10,1,True
4062,Chase Elliott(i),Chv,2,51.916,173.357,8,2,True
4062,Chase Elliott(i),Chv,11,52.1,172.745,9,1,True
4062,Chase Elliott(i),Chv,12,48.639,185.037,7,1,True
4062,Chase Elliott(i),Chv,13,48.354,186.127,7,1,True
4062,Chase Elliott(i),Chv,14,48.469,185.686,8,1,True
4062,Chase Elliott(i),Chv,15,48.446,185.774,10,1,True
4062,Chase Elliott(i),Chv,16,48.531,185.448,9,1,True
4062,Chase Elliott(i),Chv,17,48.523,185.479,10,1,True
4062,Chase Elliott(i),Chv,18,48.851,184.234,11,1,True
4062,Chase Elliott(i),Chv,19,48.636,185.048,13,1,True
4062,Chase Elliott(i),Chv,20,49.423,182.101,17,1,True
4062,Chase Elliott(i),Chv,26,52.179,172.483,22,1,True
4062,Chase Elliott(i),Chv,27,48.524,185.475,23,1,True
4062,Chase Elliott(i),Chv,28,50.247,179.115,24,2,True
4062,Chase Elliott(i),Chv,36,53.283,168.909,20,1,True
4062,Chase Elliott(i),Chv,37,48.119,187.036,22,1,True
4062,Chase Elliott(i),Chv,38,48.761,184.574,22,1,True
4062,Chase Elliott(i),Chv,39,49.259,182.708,20,1,True
4062,Chase Elliott(i),Chv,40,67.168,133.992,16,2,True
4062,Chase Elliott(i),Chv,48,51.791,173.775,7,1,True
4062,Chase Elliott(i),Chv,49,48.285,186.393,7,1,True
4062,Chase Elliott(i),Chv,50,48.136,186.97,8,1,True
4062,Chase Elliott(i),Chv,51,47.843,188.115,6,1,True
4062,Chase Elliott(i),Chv,52,47.98,187.578,6,1,True
4062,Chase Elliott(i),Chv,53,48.019,187.426,4,1,True
4062,Chase Elliott(i),Chv,54,48.197,186.734,6,1,True
4062,Chase Elliott(i),Chv,55,48.112,187.064,7,1,True
4062,Chase Elliott(i),Chv,56,47.797,188.296,8,1,True
4062,Chase Elliott(i),Chv,57,48.163,186.865,8,1,True
4062,Chase Elliott(i),Chv,58,51.125,176.039,8,2,True
4062,Chase Elliott(i),Chv,65,52.217,172.358,7,1,True
4062,Chase Elliott(i),Chv,66,48.288,186.382,8,1,True
4062,Chase Elliott(i),Chv,67,48.039,187.348,10,1,True
4062,Chase Elliott(i),Chv,68,56.854,158.3,10,2,True
4107,Ben Rhodes,Frd,1,53.211,169.138,19,1,True
4107,Ben Rhodes,Frd,2,52.852,170.287,17,2,True
4107,Ben Rhodes,Frd,11,51.798,173.752,16,1,True
4107,Ben Rhodes,Frd,12,49.093,183.326,20,1,True
4107,Ben Rhodes,Frd,13,47.873,187.997,13,1,True
4107,Ben Rhodes,Frd,14,48.43,185.835,14,1,True
4107,Ben Rhodes,Frd,15,48.218,186.652,11,1,True
4107,Ben Rhodes,Frd,16,48.59,185.223,12,1,True
4107,Ben Rhodes,Frd,17,48.61,185.147,14,1,True
4107,Ben Rhodes,Frd,18,48.852,184.23,15,1,True
4107,Ben Rhodes,Frd,19,48.521,185.487,14,1,True
4107,Ben Rhodes,Frd,20,48.862,184.192,14,1,True
4107,Ben Rhodes,Frd,26,52.407,171.733,12,1,True
4107,Ben Rhodes,Frd,27,48.545,185.395,12,1,True
4107,Ben Rhodes,Frd,28,48.551,185.372,11,2,True
4107,Ben Rhodes,Frd,36,52.325,172.002,15,1,True
4107,Ben Rhodes,Frd,37,47.947,187.707,8,1,True
4107,Ben Rhodes,Frd,38,48.548,185.384,9,1,True
4107,Ben Rhodes,Frd,39,48.618,185.117,3,1,True
4107,Ben Rhodes,Frd,40,53.924,166.902,7,2,True
4107,Ben Rhodes,Frd,48,51.027,176.377,12,1,True
4107,Ben Rhodes,Frd,49,48.307,186.308,13,1,True
4107,Ben Rhodes,Frd,50,48.048,187.313,12,1,True
4107,Ben Rhodes,Frd,51,47.823,188.194,9,1,True
4107,Ben Rhodes,Frd,52,47.998,187.508,10,1,True
4107,Ben Rhodes,Frd,53,48.047,187.317,9,1,True
4107,Ben Rhodes,Frd,54,48.226,186.621,11,1,True
4107,Ben Rhodes,Frd,55,48.013,187.449,11,1,True
4107,Ben Rhodes,Frd,56,47.816,188.222,12,1,True
4107,Ben Rhodes,Frd,57,48.254,186.513,12,1,True
4107,Ben Rhodes,Frd,58,50.349,178.752,6,2,True
4107,Ben Rhodes,Frd,62,67.553,133.229,20,2,True
4107,Ben Rhodes,Frd,65,52.05,172.911,11,1,True
4107,Ben Rhodes,Frd,66,48.288,186.382,11,1,True
4107,Ben Rhodes,Frd,67,47.983,187.566,12,1,True
4107,Ben Rhodes,Frd,68,57.241,157.23,12,2,True
4326,Carson Hocevar,Chv,1,54.203,166.042,9,1,True
4326,Carson Hocevar,Chv,2,52.725,170.697,12,2,True
4326,Carson Hocevar,Chv,11,51.95,173.244,13,1,True
4326,Carson Hocevar,Chv,12,48.602,185.178,10,1,True
4326,Carson Hocevar,Chv,13,48.311,186.293,9,1,True
4326,Carson Hocevar,Chv,14,48.452,185.751,9,1,True
4326,Carson Hocevar,Chv,15,48.453,185.747,12,1,True
4326,Carson Hocevar,Chv,16,48.532,185.445,11,1,True
4326,Carson Hocevar,Chv,17,48.416,185.889,9,1,True
4326,Carson Hocevar,Chv,18,48.714,184.752,8,1,True
4326,Carson Hocevar,Chv,19,48.508,185.536,8,1,True
4326,Carson Hocevar,Chv,20,48.86,184.2,7,1,True
4326,Carson Hocevar,Chv,26,52.586,171.148,7,1,True
4326,Carson Hocevar,Chv,27,48.639,185.037,8,1,True
4326,Carson Hocevar,Chv,28,48.558,185.345,7,2,True
4326,Carson Hocevar,Chv,36,52.211,172.377,9,1,True
4326,Carson Hocevar,Chv,37,48.295,186.355,6,1,True
4326,Carson Hocevar,Chv,38,48.509,185.533,7,1,True
4326,Carson Hocevar,Chv,39,48.987,183.722,9,1,True
4326,Carson Hocevar,Chv,40,54.074,166.439,9,2,True
4326,Carson Hocevar,Chv,48,50.864,176.942,14,1,True
4326,Carson Hocevar,Chv,49,48.201,186.718,12,1,True
4326,Carson Hocevar,Chv,50,48.089,187.153,13,1,True
4326,Carson Hocevar,Chv,51,47.941,187.731,13,1,True
4326,Carson Hocevar,Chv,52,48.414,185.897,17,1,True
4326,Carson Hocevar,Chv,53,48.124,187.017,17,1,True
4326,Carson Hocevar,Chv,54,48.745,184.634,19,1,True
4326,Carson Hocevar,Chv,55,48.035,187.363,18,1,True
4326,Carson Hocevar,Chv,56,47.261,190.432,18,1,True
4326,Carson Hocevar,Chv,57,48.523,185.479,18,1,True
4326,Carson Hocevar,Chv,58,64.069,140.474,19,2,True
4326,Carson Hocevar,Chv,65,51.963,173.2,13,1,True
4326,Carson Hocevar,Chv,66,48.26,186.49,13,1,True
4326,Carson Hocevar,Chv,67,47.98,187.578,13,1,True
4326,Carson Hocevar,Chv,68,57.29,157.095,13,2,True
4024,Travis Pastrana(i),Chv,1,53.816,167.237,26,1,True
4024,Travis Pastrana(i),Chv,2,54.101,166.356,25,2,True
4024,Travis Pastrana(i),Chv,11,52.065,172.861,34,1,True
4024,Travis Pastrana(i),Chv,12,49.621,181.375,33,1,True
4024,Travis Pastrana(i),Chv,13,49.015,183.617,33,1,True
4024,Travis Pastrana(i),Chv,14,49.408,182.157,33,1,True
4024,Travis Pastrana(i),Chv,15,49.889,180.4,33,1,True
4024,Travis Pastrana(i),Chv,16,50.155,179.444,33,1,True
4024,Travis Pastrana(i),Chv,17,50.368,178.685,33,1,True
4024,Travis Pastrana(i),Chv,18,50.559,178.01,33,1,True
4024,Travis Pastrana(i),Chv,19,50.604,177.852,33,1,True
4024,Travis Pastrana(i),Chv,20,52.661,170.904,33,1,True
4024,Travis Pastrana(i),Chv,21,69.883,128.787,33,2,True
4024,Travis Pastrana(i),Chv,26,52.6,171.103,5,1,True
4024,Travis Pastrana(i),Chv,27,48.597,185.197,6,1,True
4024,Travis Pastrana(i),Chv,28,48.748,184.623,9,2,True
4024,Travis Pastrana(i),Chv,36,52.268,172.189,12,1,True
4024,Travis Pastrana(i),Chv,37,48.601,185.181,17,1,True
4024,Travis Pastrana(i),Chv,38,48.251,186.525,13,1,True
4024,Travis Pastrana(i),Chv,39,48.93,183.936,14,1,True
4024,Travis Pastrana(i),Chv,40,57.054,157.745,11,2,True
4024,Travis Pastrana(i),Chv,48,51.998,173.084,11,1,True
4024,Travis Pastrana(i),Chv,49,48.308,186.305,11,1,True
4024,Travis Pastrana(i),Chv,50,48.462,185.713,18,1,True
4024,Travis Pastrana(i),Chv,51,47.836,188.143,16,1,True
4024,Travis Pastrana(i),Chv,52,47.979,187.582,15,1,True
4024,Travis Pastrana(i),Chv,53,48.1,187.11,16,1,True
4024,Travis Pastrana(i),Chv,54,48.184,186.784,15,1,True
4024,Travis Pastrana(i),Chv,55,47.932,187.766,15,1,True
4024,Travis Pastrana(i),Chv,56,47.782,188.355,15,1,True
4024,Travis Pastrana(i),Chv,57,48.177,186.811,15,1,True
4024,Travis Pastrana(i),Chv,58,51.487,174.801,9,2,True
4024,Travis Pastrana(i),Chv,65,51.899,173.414,14,1,True
4024,Travis Pastrana(i),Chv,66,48.285,186.393,14,1,True
4024,Travis Pastrana(i),Chv,67,47.939,187.739,14,1,True
4024,Travis Pastrana(i),Chv,68,58.178,154.698,14,2,True
4441,Sammy Smith(i),Tyt,1,53.594,167.929,15,1,True
4441,Sammy Smith(i),Tyt,2,52.613,171.06,13,2,True
4441,Sammy Smith(i),Tyt,11,51.853,173.568,15,1,True
4441,Sammy Smith(i),Tyt,12,48.615,185.128,12,1,True
4441,Sammy Smith(i),Tyt,13,48.333,186.208,11,1,True
4441,Sammy Smith(i),Tyt,14,48.438,185.805,12,1,True
4441,Sammy Smith(i),Tyt,15,48.22,186.645,9,1,True
4441,Sammy Smith(i),Tyt,16,48.581,185.258,10,1,True
4441,Sammy Smith(i),Tyt,17,48.603,185.174,12,1,True
4441,Sammy Smith(i),Tyt,18,48.866,184.177,13,1,True
4441,Sammy Smith(i),Tyt,19,49.54,181.671,20,1,True
4441,Sammy Smith(i),Tyt,20,49.414,182.135,22,1,True
4441,Sammy Smith(i),Tyt,26,51.662,174.209,26,1,True
4441,Sammy Smith(i),Tyt,27,48.658,184.964,27,1,True
4441,Sammy Smith(i),Tyt,28,50.564,177.992,27,2,True
4441,Sammy Smith(i),Tyt,36,52.39,171.789,29,1,True
4441,Sammy Smith(i),Tyt,37,49.321,182.478,28,1,True
4441,Sammy Smith(i),Tyt,38,48.791,184.46,28,1,True
4441,Sammy Smith(i),Tyt,39,50.308,178.898,28,1,True
4441,Sammy Smith(i),Tyt,48,51.699,174.085,21,1,True
4441,Sammy Smith(i),Tyt,49,47.415,189.813,18,1,True
4441,Sammy Smith(i),Tyt,50,48.046,187.32,19,1,True
4441,Sammy Smith(i),Tyt,51,48.085,187.169,18,1,True
4441,Sammy Smith(i),Tyt,52,47.952,187.688,18,1,True
4441,Sammy Smith(i),Tyt,53,48.141,186.951,18,1,True
4441,Sammy Smith(i),Tyt,54,48.305,186.316,17,1,True
4441,Sammy Smith(i),Tyt,55,47.686,188.735,16,1,True
4441,Sammy Smith(i),Tyt,56,47.698,188.687,16,1,True
4441,Sammy Smith(i),Tyt,57,48.65,184.995,17,1,True
4441,Sammy Smith(i),Tyt,58,60.877,147.839,14,2,True
4441,Sammy Smith(i),Tyt,65,51.461,174.89,15,1,True
4441,Sammy Smith(i),Tyt,66,48.181,186.796,16,1,True
4441,Sammy Smith(i),Tyt,67,47.814,188.229,15,1,True
4441,Sammy Smith(i),Tyt,68,58.412,154.078,15,2,True
3557,Jason A White,Tyt,1,54.27,165.837,7,1,True
3557,Jason A White,Tyt,2,52.413,171.713,9,2,True
3557,Jason A White,Tyt,11,51.891,173.44,8,1,True
3557,Jason A White,Tyt,12,48.905,184.03,11,1,True
3557,Jason A White,Tyt,13,48.806,184.404,19,1,True
3557,Jason A White,Tyt,14,48.404,185.935,20,1,True
3557,Jason A White,Tyt,15,49.031,183.557,22,1,True
3557,Jason A White,Tyt,16,49.107,183.273,25,1,True
3557,Jason A White,Tyt,17,49.61,181.415,25,1,True
3557,Jason A White,Tyt,18,49.439,182.043,26,1,True
3557,Jason A White,Tyt,19,49.283,182.619,26,1,True
3557,Jason A White,Tyt,20,49.91,180.325,26,1,True
3557,Jason A White,Tyt,26,51.126,176.036,33,1,True
3557,Jason A White,Tyt,27,48.673,184.907,32,1,True
3557,Jason A White,Tyt,28,50.144,179.483,31,2,True
3557,Jason A White,Tyt,36,52.977,169.885,24,1,True
3557,Jason A White,Tyt,37,48.132,186.986,23,1,True
3557,Jason A White,Tyt,38,48.845,184.256,24,1,True
3557,Jason A White,Tyt,39,50.191,179.315,24,1,True
3557,Jason A White,Tyt,48,52.422,171.684,26,1,True
3557,Jason A White,Tyt,49,47.628,188.964,26,1,True
3557,Jason A White,Tyt,50,48.639,185.037,26,1,True
3557,Jason A White,Tyt,51,48.873,184.151,26,1,True
3557,Jason A White,Tyt,52,48.767,184.551,26,1,True
3557,Jason A White,Tyt,53,48.618,185.117,26,1,True
3557,Jason A White,Tyt,54,48.923,183.963,26,1,True
3557,Jason A White,Tyt,55,49.814,180.672,26,1,True
3557,Jason A White,Tyt,56,50.373,178.667,26,1,True
3557,Jason A White,Tyt,57,50.587,177.911,26,1,True
3557,Jason A White,Tyt,58,67.157,134.014,24,2,True
3557,Jason A White,Tyt,65,50.739,177.378,17,1,True
3557,Jason A White,Tyt,66,47.731,188.557,15,1,True
3557,Jason A White,Tyt,67,48.368,186.073,16,1,True
3557,Jason A White,Tyt,68,59.184,152.068,16,2,True
3984,Timmy Hill,Tyt,1,53.652,167.748,28,1,True
3984,Timmy Hill,Tyt,2,55.658,161.702,30,2,True
3984,Timmy Hill,Tyt,11,51.083,176.184,32,1,True
3984,Timmy Hill,Tyt,12,48.324,186.243,27,1,True
3984,Timmy Hill,Tyt,13,47.536,189.33,26,1,True
3984,Timmy Hill,Tyt,14,49.28,182.63,31,1,True
3984,Timmy Hill,Tyt,15,49.578,181.532,30,1,True
3984,Timmy Hill,Tyt,16,48.946,183.876,30,1,True
3984,Timmy Hill,Tyt,17,48.469,185.686,30,1,True
3984,Timmy Hill,Tyt,18,48.869,184.166,29,1,True
3984,Timmy Hill,Tyt,19,49.208,182.897,30,1,True
3984,Timmy Hill,Tyt,20,49.593,181.477,28,1,True
3984,Timmy Hill,Tyt,26,50.805,177.148,27,1,True
3984,Timmy Hill,Tyt,27,49.06,183.449,31,1,True
3984,Timmy Hill,Tyt,28,50.035,179.874,28,2,True
3984,Timmy Hill,Tyt,36,51.492,174.784,14,1,True
3984,Timmy Hill,Tyt,37,48.553,185.364,18,1,True
3984,Timmy Hill,Tyt,38,49.043,183.512,19,1,True
3984,Timmy Hill,Tyt,39,50.268,179.04,21,1,True
3984,Timmy Hill,Tyt,40,69.794,128.951,18,2,True
3984,Timmy Hill,Tyt,48,52.363,171.877,23,1,True
3984,Timmy Hill,Tyt,49,47.273,190.384,20,1,True
3984,Timmy Hill,Tyt,50,48.035,187.363,20,1,True
3984,Timmy Hill,Tyt,51,48.359,186.108,20,1,True
3984,Timmy Hill,Tyt,52,47.725,188.58,19,1,True
3984,Timmy Hill,Tyt,53,48.141,186.951,19,1,True
3984,Timmy Hill,Tyt,54,48.264,186.474,18,1,True
3984,Timmy Hill,Tyt,55,47.803,188.273,17,1,True
3984,Timmy Hill,Tyt,56,47.475,189.573,17,1,True
3984,Timmy Hill,Tyt,57,48.516,185.506,16,1,True
3984,Timmy Hill,Tyt,58,62.109,144.907,15,2,True
3984,Timmy Hill,Tyt,65,51.385,175.148,16,1,True
3984,Timmy Hill,Tyt,66,48.131,186.99,17,1,True
3984,Timmy Hill,Tyt,67,48.24,186.567,17,1,True
3984,Timmy Hill,Tyt,68,60.263,149.345,17,2,True
4295,Chase Purdy,Chv,1,53.251,169.011,29,1,True
4295,Chase Purdy,Chv,2,54.83,164.144,28,2,True
4295,Chase Purdy,Chv,11,51.565,174.537,22,1,True
4295,Chase Purdy,Chv,12,49.655,181.251,23,1,True
4295,Chase Purdy,Chv,13,47.709,188.644,23,1,True
4295,Chase Purdy,Chv,14,48.652,184.987,26,1,True
4295,Chase Purdy,Chv,15,49.019,183.602,27,1,True
4295,Chase Purdy,Chv,16,48.524,185.475,27,1,True
4295,Chase Purdy,Chv,17,49.535,181.69,27,1,True
4295,Chase Purdy,Chv,18,49.268,182.674,27,1,True
4295,Chase Purdy,Chv,19,49.245,182.76,27,1,True
4295,Chase Purdy,Chv,20,49.885,180.415,27,1,True
4295,Chase Purdy,Chv,26,52.617,171.047,6,1,True
4295,Chase Purdy,Chv,27,48.515,185.51,5,1,True
4295,Chase Purdy,Chv,28,48.556,185.353,3,2,True
4295,Chase Purdy,Chv,36,52.193,172.437,2,1,True
4295,Chase Purdy,Chv,37,48.526,185.468,5,1,True
4295,Chase Purdy,Chv,38,48.445,185.778,4,1,True
4295,Chase Purdy,Chv,39,48.927,183.948,4,1,True
4295,Chase Purdy,Chv,40,52.362,171.88,2,2,True
4295,Chase Purdy,Chv,48,51.661,174.213,19,1,True
4295,Chase Purdy,Chv,49,47.343,190.102,17,1,True
4295,Chase Purdy,Chv,50,48.078,187.196,17,1,True
4295,Chase Purdy,Chv,51,48.333,186.208,19,1,True
4295,Chase Purdy,Chv,52,49.594,181.474,20,1,True
4295,Chase Purdy,Chv,53,48.191,186.757,20,1,True
4295,Chase Purdy,Chv,54,47.811,188.241,20,1,True
4295,Chase Purdy,Chv,55,49.333,182.434,20,1,True
4295,Chase Purdy,Chv,56,48.782,184.494,20,1,True
4295,Chase Purdy,Chv,57,47.782,188.355,20,1,True
4295,Chase Purdy,Chv,58,60.55,148.637,17,2,True
4295,Chase Purdy,Chv,65,52.783,170.509,18,1,True
4295,Chase Purdy,Chv,66,48.487,185.617,18,1,True
4295,Chase Purdy,Chv,67,48.865,184.181,18,1,True
4295,Chase Purdy,Chv,68,59.44,151.413,18,2,True
4297,Derek Kraus,Chv,1,54.149,166.208,11,1,True
4297,Derek Kraus,Chv,2,52.796,170.467,14,2,True
4297,Derek Kraus,Chv,11,52.062,172.871,24,1,True
4297,Derek Kraus,Chv,12,49.682,181.152,26,1,True
4297,Derek Kraus,Chv,13,47.78,188.363,27,1,True
4297,Derek Kraus,Chv,14,48.327,186.231,27,1,True
4297,Derek Kraus,Chv,15,50.654,177.676,31,1,True
4297,Derek Kraus,Chv,16,48.849,184.241,31,1,True
4297,Derek Kraus,Chv,17,48.48,185.644,31,1,True
4297,Derek Kraus,Chv,18,49.22,182.852,31,1,True
4297,Derek Kraus,Chv,19,48.882,184.117,31,1,True
4297,Derek Kraus,Chv,20,50.174,179.376,31,1,True
4297,Derek Kraus,Chv,26,51.011,176.433,31,1,True
4297,Derek Kraus,Chv,27,48.479,185.647,30,1,True
4297,Derek Kraus,Chv,28,50.729,177.413,32,2,True
4297,Derek Kraus,Chv,36,53.328,168.767,23,1,True
4297,Derek Kraus,Chv,37,48.776,184.517,25,1,True
4297,Derek Kraus,Chv,38,48.772,184.532,25,1,True
4297,Derek Kraus,Chv,39,50.07,179.748,25,1,True
4297,Derek Kraus,Chv,48,52.779,170.522,18,1,True
4297,Derek Kraus,Chv,49,48.632,185.063,24,1,True
4297,Derek Kraus,Chv,50,48.479,185.647,24,1,True
4297,Derek Kraus,Chv,51,49.156,183.091,24,1,True
4297,Derek Kraus,Chv,52,48.268,186.459,24,1,True
4297,Derek Kraus,Chv,53,47.737,188.533,24,1,True
4297,Derek Kraus,Chv,54,47.844,188.111,24,1,True
4297,Derek Kraus,Chv,55,49.31,182.519,24,1,True
4297,Derek Kraus,Chv,56,48.825,184.332,24,1,True
4297,Derek Kraus,Chv,57,47.765,188.422,24,1,True
4297,Derek Kraus,Chv,58,63.585,141.543,22,2,True
4297,Derek Kraus,Chv,65,52.255,172.232,21,1,True
4297,Derek Kraus,Chv,66,48.309,186.301,21,1,True
4297,Derek Kraus,Chv,67,48.913,184.0,21,1,True
4297,Derek Kraus,Chv,68,63.631,141.44,21,2,True
4102,Josh Reaume,Frd,1,53.851,167.128,32,1,True
4102,Josh Reaume,Frd,2,60.561,148.61,35,2,True
4102,Josh Reaume,Frd,11,52.48,171.494,36,1,True
4102,Josh Reaume,Frd,12,49.341,182.404,36,1,True
4102,Josh Reaume,Frd,13,49.615,181.397,36,1,True
4102,Josh Reaume,Frd,14,51.258,175.582,36,1,True
4102,Josh Reaume,Frd,15,51.468,174.866,36,1,True
4102,Josh Reaume,Frd,16,50.671,177.616,36,1,True
4102,Josh Reaume,Frd,17,50.637,177.736,36,1,True
4102,Josh Reaume,Frd,18,50.313,178.88,36,1,True
4102,Josh Reaume,Frd,19,51.59,174.452,36,1,True
4102,Josh Reaume,Frd,20,53.769,167.383,36,1,True
4102,Josh Reaume,Frd,21,67.007,134.314,36,2,True
4102,Josh Reaume,Frd,24,66.826,134.678,36,2,True
4102,Josh Reaume,Frd,26,51.282,175.5,36,1,True
4102,Josh Reaume,Frd,27,48.483,185.632,36,1,True
4102,Josh Reaume,Frd,28,50.305,178.909,35,2,True
4102,Josh Reaume,Frd,36,52.72,170.713,30,1,True
4102,Josh Reaume,Frd,37,48.953,183.85,30,1,True
4102,Josh Reaume,Frd,38,48.953,183.85,30,1,True
4102,Josh Reaume,Frd,39,50.76,177.305,30,1,True
4102,Josh Reaume,Frd,48,52.813,170.413,28,1,True
4102,Josh Reaume,Frd,49,48.62,185.109,27,1,True
4102,Josh Reaume,Frd,50,49.311,182.515,27,1,True
4102,Josh Reaume,Frd,51,50.005,179.982,27,1,True
4102,Josh Reaume,Frd,52,50.4,178.571,27,1,True
4102,Josh Reaume,Frd,53,50.751,177.336,27,1,True
4102,Josh Reaume,Frd,54,50.889,176.856,27,1,True
4102,Josh Reaume,Frd,55,51.107,176.101,27,1,True
4102,Josh Reaume,Frd,56,51.24,175.644,27,1,True
4102,Josh Reaume,Frd,57,51.265,175.558,27,1,True
4102,Josh Reaume,Frd,58,64.858,138.765,25,2,True
4102,Josh Reaume,Frd,65,51.458,174.9,22,1,True
4102,Josh Reaume,Frd,66,48.712,184.759,22,1,True
4102,Josh Reaume,Frd,67,49.01,183.636,22,1,True
4102,Josh Reaume,Frd,68,62.914,143.052,22,2,True
3916,Matt DiBenedetto,Chv,1,53.976,166.741,6,1,True
3916,Matt DiBenedetto,Chv,2,51.502,174.75,4,2,True
3916,Matt DiBenedetto,Chv,11,51.944,173.264,2,1,True
3916,Matt DiBenedetto,Chv,12,48.926,183.951,3,1,True
3916,Matt DiBenedetto,Chv,13,48.407,185.924,4,1,True
3916,Matt DiBenedetto,Chv,14,48.473,185.67,4,1,True
3916,Matt DiBenedetto,Chv,15,48.158,186.885,2,1,True
3916,Matt DiBenedetto,Chv,16,48.617,185.12,2,1,True
3916,Matt DiBenedetto,Chv,17,48.471,185.678,2,1,True
3916,Matt DiBenedetto,Chv,18,48.916,183.989,3,1,True
3916,Matt DiBenedetto,Chv,19,48.543,185.403,4,1,True
3916,Matt DiBenedetto,Chv,20,48.808,184.396,3,1,True
3916,Matt DiBenedetto,Chv,21,68.499,131.389,3,2,True
3916,Matt DiBenedetto,Chv,26,52.214,172.368,19,1,True
3916,Matt DiBenedetto,Chv,27,48.32,186.258,16,1,True
3916,Matt DiBenedetto,Chv,28,48.854,184.222,21,2,True
3916,Matt DiBenedetto,Chv,36,52.233,172.305,27,1,True
3916,Matt DiBenedetto,Chv,37,49.032,183.554,27,1,True
3916,Matt DiBenedetto,Chv,38,48.463,185.709,27,1,True
3916,Matt DiBenedetto,Chv,39,50.572,177.964,27,1,True
3916,Matt DiBenedetto,Chv,48,52.414,171.71,6,1,True
3916,Matt DiBenedetto,Chv,49,48.301,186.332,6,1,True
3916,Matt DiBenedetto,Chv,50,48.107,187.083,5,1,True
3916,Matt DiBenedetto,Chv,51,48.018,187.43,7,1,True
3916,Matt DiBenedetto,Chv,52,47.982,187.57,7,1,True
3916,Matt DiBenedetto,Chv,53,48.099,187.114,8,1,True
3916,Matt DiBenedetto,Chv,54,48.045,187.324,7,1,True
3916,Matt DiBenedetto,Chv,55,48.035,187.363,6,1,True
3916,Matt DiBenedetto,Chv,56,47.678,188.766,6,1,True
3916,Matt DiBenedetto,Chv,57,48.18,186.8,5,1,True
3916,Matt DiBenedetto,Chv,58,60.739,148.175,13,2,True
3916,Matt DiBenedetto,Chv,65,52.441,171.621,25,1,True
3916,Matt DiBenedetto,Chv,66,49.702,181.079,25,1,True
3916,Matt DiBenedetto,Chv,67,49.871,180.466,25,1,True
3916,Matt DiBenedetto,Chv,68,63.44,141.866,24,2,True
4292,Jason M White,Tyt,1,57.117,157.571,36,1,True
4292,Jason M White,Tyt,2,61.575,146.163,36,2,True
4292,Jason M White,Tyt,11,53.237,169.055,35,1,True
4292,Jason M White,Tyt,12,49.334,182.43,35,1,True
4292,Jason M White,Tyt,13,49.606,181.43,35,1,True
4292,Jason M White,Tyt,14,49.705,181.068,35,1,True
4292,Jason M White,Tyt,15,50.397,178.582,35,1,True
4292,Jason M White,Tyt,16,51.094,176.146,35,1,True
4292,Jason M White,Tyt,17,51.559,174.557,35,1,True
4292,Jason M White,Tyt,18,51.566,174.534,35,1,True
4292,Jason M White,Tyt,19,51.573,174.51,35,1,True
4292,Jason M White,Tyt,20,53.596,167.923,35,1,True
4292,Jason M White,Tyt,21,66.904,134.521,35,2,True
4292,Jason M White,Tyt,26,52.502,171.422,34,1,True
4292,Jason M White,Tyt,27,48.685,184.862,35,1,True
4292,Jason M White,Tyt,28,50.634,177.746,36,2,True
4292,Jason M White,Tyt,36,54.016,166.617,32,1,True
4292,Jason M White,Tyt,37,50.619,177.799,32,1,True
4292,Jason M White,Tyt,38,51.157,175.929,32,1,True
4292,Jason M White,Tyt,39,51.668,174.189,32,1,True
4292,Jason M White,Tyt,48,54.383,165.493,27,1,True
4292,Jason M White,Tyt,49,50.415,178.518,29,1,True
4292,Jason M White,Tyt,50,51.705,174.064,29,1,True
4292,Jason M White,Tyt,51,52.675,170.859,29,1,True
4292,Jason M White,Tyt,52,52.657,170.917,29,1,True
4292,Jason M White,Tyt,53,52.004,173.064,29,1,True
4292,Jason M White,Tyt,54,52.528,171.337,29,1,True
4292,Jason M White,Tyt,55,52.675,170.859,29,1,True
4292,Jason M White,Tyt,56,52.535,171.314,29,1,True
4292,Jason M White,Tyt,57,52.886,170.177,29,1,True
4292,Jason M White,Tyt,59,69.829,128.886,27,2,True
4292,Jason M White,Tyt,65,52.825,170.374,24,1,True
4292,Jason M White,Tyt,66,49.836,180.592,24,1,True
4292,Jason M White,Tyt,67,49.93,180.252,24,1,True
4364,Kris Wright,Chv,1,54.521,165.074,31,1,True
4364,Kris Wright,Chv,2,55.434,162.355,31,2,True
4364,Kris Wright,Chv,11,51.829,173.648,33,1,True
4364,Kris Wright,Chv,12,49.617,181.389,32,1,True
4364,Kris Wright,Chv,13,49.125,183.206,32,1,True
4364,Kris Wright,Chv,14,49.357,182.345,32,1,True
4364,Kris Wright,Chv,15,49.849,180.545,32,1,True
4364,Kris Wright,Chv,16,50.147,179.472,32,1,True
4364,Kris Wright,Chv,17,50.379,178.646,32,1,True
4364,Kris Wright,Chv,18,50.539,178.08,32,1,True
4364,Kris Wright,Chv,19,50.639,177.729,32,1,True
4364,Kris Wright,Chv,20,52.157,172.556,32,1,True
4364,Kris Wright,Chv,21,69.742,129.047,32,2,True
4364,Kris Wright,Chv,26,51.653,174.24,35,1,True
4364,Kris Wright,Chv,27,48.539,185.418,34,1,True
4364,Kris Wright,Chv,28,50.191,179.315,34,2,True
4364,Kris Wright,Chv,36,53.464,168.338,26,1,True
4364,Kris Wright,Chv,37,48.591,185.219,26,1,True
4364,Kris Wright,Chv,38,48.503,185.556,26,1,True
4364,Kris Wright,Chv,39,50.147,179.472,26,1,True
4364,Kris Wright,Chv,48,54.025,166.59,25,1,True
4364,Kris Wright,Chv,49,48.111,187.067,25,1,True
4364,Kris Wright,Chv,50,48.326,186.235,25,1,True
4364,Kris Wright,Chv,51,49.152,183.105,25,1,True
4364,Kris Wright,Chv,52,48.212,186.676,25,1,True
4364,Kris Wright,Chv,53,47.769,188.407,25,1,True
4364,Kris Wright,Chv,54,47.823,188.194,25,1,True
4364,Kris Wright,Chv,55,49.318,182.489,25,1,True
4364,Kris Wright,Chv,56,49.02,183.599,25,1,True
4364,Kris Wright,Chv,57,48.151,186.912,25,1,True
4364,Kris Wright,Chv,58,64.985,138.493,23,2,True
4364,Kris Wright,Chv,65,55.264,162.855,26,1,True
4364,Kris Wright,Chv,66,51.399,175.101,26,1,True
4364,Kris Wright,Chv,67,50.562,177.999,26,1,True
4364,Kris Wright,Chv,68,62.821,143.264,25,2,True
4096,Corey LaJoie(i),Chv,1,52.527,171.34,24,1,True
4096,Corey LaJoie(i),Chv,2,54.017,166.614,23,2,True
4096,Corey LaJoie(i),Chv,11,50.809,177.134,21,1,True
4096,Corey LaJoie(i),Chv,12,49.255,182.723,21,1,True
4096,Corey LaJoie(i),Chv,13,48.002,187.492,21,1,True
4096,Corey LaJoie(i),Chv,14,48.527,185.464,24,1,True
4096,Corey LaJoie(i),Chv,15,48.223,186.633,21,1,True
4096,Corey LaJoie(i),Chv,16,48.171,186.834,21,1,True
4096,Corey LaJoie(i),Chv,17,48.602,185.178,20,1,True
4096,Corey LaJoie(i),Chv,18,49.321,182.478,21,1,True
4096,Corey LaJoie(i),Chv,19,49.002,183.666,22,1,True
4096,Corey LaJoie(i),Chv,20,47.923,187.801,19,1,True
4096,Corey LaJoie(i),Chv,26,52.298,172.091,15,1,True
4096,Corey LaJoie(i),Chv,27,48.438,185.805,14,1,True
4096,Corey LaJoie(i),Chv,28,48.771,184.536,17,2,True
4096,Corey LaJoie(i),Chv,36,51.577,174.496,22,1,True
4096,Corey LaJoie(i),Chv,37,47.478,189.561,21,1,True
4096,Corey LaJoie(i),Chv,38,48.593,185.212,20,1,True
4096,Corey LaJoie(i),Chv,39,49.088,183.344,18,1,True
4096,Corey LaJoie(i),Chv,40,66.809,134.712,13,2,True
4096,Corey LaJoie(i),Chv,48,52.419,171.693,3,1,True
4096,Corey LaJoie(i),Chv,49,48.051,187.301,1,1,True
4096,Corey LaJoie(i),Chv,50,48.197,186.734,1,1,True
4096,Corey LaJoie(i),Chv,51,48.047,187.317,1,1,True
4096,Corey LaJoie(i),Chv,52,47.967,187.629,1,1,True
4096,Corey LaJoie(i),Chv,53,48.092,187.141,2,1,True
4096,Corey LaJoie(i),Chv,54,48.047,187.317,1,1,True
4096,Corey LaJoie(i),Chv,55,47.835,188.147,1,1,True
4096,Corey LaJoie(i),Chv,56,47.772,188.395,1,1,True
4096,Corey LaJoie(i),Chv,57,48.12,187.032,1,1,True
4096,Corey LaJoie(i),Chv,58,49.918,180.296,1,2,True
4096,Corey LaJoie(i),Chv,65,52.95,169.972,12,1,True
4096,Corey LaJoie(i),Chv,66,48.219,186.648,12,1,True
4096,Corey LaJoie(i),Chv,67,47.879,187.974,11,1,True
4096,Corey LaJoie(i),Chv,68,56.852,158.306,11,2,True
4315,Mason Massey,Frd,1,53.783,167.339,33,1,True
4315,Mason Massey,Frd,2,58.464,153.941,33,2,True
4315,Mason Massey,Frd,11,52.391,171.785,31,1,True
4315,Mason Massey,Frd,12,50.54,178.077,34,1,True
4315,Mason Massey,Frd,13,49.641,181.302,34,1,True
4315,Mason Massey,Frd,14,49.906,180.339,34,1,True
4315,Mason Massey,Frd,15,50.414,178.522,34,1,True
4315,Mason Massey,Frd,16,51.057,176.274,34,1,True
4315,Mason Massey,Frd,17,51.556,174.567,34,1,True
4315,Mason Massey,Frd,18,51.622,174.344,34,1,True
4315,Mason Massey,Frd,19,51.555,174.571,34,1,True
4315,Mason Massey,Frd,20,53.11,169.46,34,1,True
4315,Mason Massey,Frd,21,66.608,135.119,34,2,True
4315,Mason Massey,Frd,26,52.094,172.765,28,1,True
4315,Mason Massey,Frd,27,48.706,184.782,28,1,True
4315,Mason Massey,Frd,28,50.467,178.334,29,2,True
4315,Mason Massey,Frd,36,53.119,169.431,31,1,True
4315,Mason Massey,Frd,37,50.03,179.892,31,1,True
4315,Mason Massey,Frd,38,51.453,174.917,31,1,True
4315,Mason Massey,Frd,39,52.207,172.391,31,1,True
4315,Mason Massey,Frd,48,52.708,170.752,29,1,True
4315,Mason Massey,Frd,49,48.774,184.525,28,1,True
4315,Mason Massey,Frd,50,50.472,178.317,28,1,True
4315,Mason Massey,Frd,51,52.68,170.843,28,1,True
4315,Mason Massey,Frd,52,53.486,168.268,28,1,True
4315,Mason Massey,Frd,53,53.766,167.392,28,1,True
4315,Mason Massey,Frd,54,52.516,171.376,28,1,True
4315,Mason Massey,Frd,55,52.684,170.83,28,1,True
4315,Mason Massey,Frd,56,52.533,171.321,28,1,True
4315,Mason Massey,Frd,57,52.766,170.564,28,1,True
4315,Mason Massey,Frd,65,52.738,170.655,23,1,True
4315,Mason Massey,Frd,66,50.063,179.773,23,1,True
4315,Mason Massey,Frd,67,49.787,180.77,23,1,True
4315,Mason Massey,Frd,68,61.665,145.95,23,2,True
4408,Chris Hacker,Tyt,1,53.604,167.898,35,1,True
4408,Chris Hacker,Tyt,2,55.883,161.051,32,2,True
4408,Chris Hacker,Tyt,11,52.248,172.255,28,1,True
4408,Chris Hacker,Tyt,12,49.912,180.317,30,1,True
4408,Chris Hacker,Tyt,13,48.358,186.112,31,1,True
4408,Chris Hacker,Tyt,14,47.611,189.032,30,1,True
4408,Chris Hacker,Tyt,15,48.807,184.4,29,1,True
4408,Chris Hacker,Tyt,16,48.472,185.674,29,1,True
4408,Chris Hacker,Tyt,17,49.537,181.682,29,1,True
4408,Chris Hacker,Tyt,18,49.641,181.302,30,1,True
4408,Chris Hacker,Tyt,19,48.993,183.7,29,1,True
4408,Chris Hacker,Tyt,20,49.925,180.27,30,1,True
4408,Chris Hacker,Tyt,26,51.832,173.638,32,1,True
4408,Chris Hacker,Tyt,27,48.892,184.079,33,1,True
4408,Chris Hacker,Tyt,28,50.233,179.165,33,2,True
4408,Chris Hacker,Tyt,36,52.02,173.01,19,1,True
4408,Chris Hacker,Tyt,37,48.562,185.33,20,1,True
4408,Chris Hacker,Tyt,38,49.412,182.142,23,1,True
4408,Chris Hacker,Tyt,39,50.472,178.317,23,1,True
4408,Chris Hacker,Tyt,48,52.722,170.707,20,1,True
4408,Chris Hacker,Tyt,49,48.031,187.379,23,1,True
4408,Chris Hacker,Tyt,50,48.552,185.368,23,1,True
4408,Chris Hacker,Tyt,51,49.263,182.693,23,1,True
4408,Chris Hacker,Tyt,52,48.352,186.135,22,1,True
4408,Chris Hacker,Tyt,53,47.568,189.203,22,1,True
4408,Chris Hacker,Tyt,54,47.85,188.088,22,1,True
4408,Chris Hacker,Tyt,55,49.286,182.608,22,1,True
4408,Chris Hacker,Tyt,56,48.796,184.441,22,1,True
4408,Chris Hacker,Tyt,57,47.775,188.383,22,1,True
4408,Chris Hacker,Tyt,58,62.982,142.898,21,2,True
4408,Chris Hacker,Tyt,66,58.866,152.89,27,1,True
4408,Chris Hacker,Tyt,70,65.535,137.331,27,2,True
4416,Nick Sanchez #,Chv,1,54.344,165.612,2,1,True
4416,Nick Sanchez #,Chv,2,51.833,173.635,5,2,True
4416,Nick Sanchez #,Chv,11,51.978,173.15,3,1,True
4416,Nick Sanchez #,Chv,12,48.823,184.339,5,1,True
4416,Nick Sanchez #,Chv,13,48.355,186.123,5,1,True
4416,Nick Sanchez #,Chv,14,48.473,185.67,5,1,True
4416,Nick Sanchez #,Chv,15,48.183,186.788,3,1,True
4416,Nick Sanchez #,Chv,16,48.607,185.159,3,1,True
4416,Nick Sanchez #,Chv,17,48.498,185.575,3,1,True
4416,Nick Sanchez #,Chv,18,48.877,184.136,5,1,True
4416,Nick Sanchez #,Chv,19,48.532,185.445,5,1,True
4416,Nick Sanchez #,Chv,20,48.879,184.128,5,1,True
4416,Nick Sanchez #,Chv,26,52.465,171.543,10,1,True
4416,Nick Sanchez #,Chv,27,48.535,185.433,9,1,True
4416,Nick Sanchez #,Chv,28,48.555,185.357,8,2,True
4416,Nick Sanchez #,Chv,36,52.033,172.967,6,1,True
4416,Nick Sanchez #,Chv,37,48.548,185.384,9,1,True
4416,Nick Sanchez #,Chv,38,48.451,185.755,8,1,True
4416,Nick Sanchez #,Chv,39,48.93,183.936,10,1,True
4416,Nick Sanchez #,Chv,40,52.987,169.853,4,2,True
4416,Nick Sanchez #,Chv,48,52.97,169.907,22,1,True
4416,Nick Sanchez #,Chv,49,47.607,189.048,22,1,True
4416,Nick Sanchez #,Chv,50,48.53,185.452,22,1,True
4416,Nick Sanchez #,Chv,51,49.243,182.767,22,1,True
4416,Nick Sanchez #,Chv,52,48.513,185.517,23,1,True
4416,Nick Sanchez #,Chv,53,47.64,188.917,23,1,True
4416,Nick Sanchez #,Chv,54,47.88,187.97,23,1,True
4416,Nick Sanchez #,Chv,55,49.279,182.634,23,1,True
4416,Nick Sanchez #,Chv,56,48.761,184.574,23,1,True
4416,Nick Sanchez #,Chv,57,47.765,188.422,23,1,True
4416,Nick Sanchez #,Chv,58,61.386,146.613,20,2,True
4416,Nick Sanchez #,Chv,65,52.231,172.311,20,1,True
4416,Nick Sanchez #,Chv,66,48.365,186.085,20,1,True
4416,Nick Sanchez #,Chv,67,48.874,184.147,20,1,True
4416,Nick Sanchez #,Chv,68,62.723,143.488,20,2,True
4391,Jack Wood,Chv,1,54.334,165.642,5,1,True
4391,Jack Wood,Chv,2,52.068,172.851,7,2,True
4391,Jack Wood,Chv,11,51.932,173.304,6,1,True
4391,Jack Wood,Chv,12,48.803,184.415,8,1,True
4391,Jack Wood,Chv,13,48.355,186.123,8,1,True
4391,Jack Wood,Chv,14,48.462,185.713,7,1,True
4391,Jack Wood,Chv,15,48.221,186.641,5,1,True
4391,Jack Wood,Chv,16,48.57,185.3,5,1,True
4391,Jack Wood,Chv,17,48.516,185.506,5,1,True
4391,Jack Wood,Chv,18,48.854,184.222,7,1,True
4391,Jack Wood,Chv,19,48.532,185.445,7,1,True
4391,Jack Wood,Chv,20,48.964,183.809,9,1,True
4391,Jack Wood,Chv,26,52.367,171.864,14,1,True
4391,Jack Wood,Chv,27,48.553,185.364,15,1,True
4391,Jack Wood,Chv,28,48.558,185.345,14,2,True
4391,Jack Wood,Chv,36,51.878,173.484,11,1,True
4391,Jack Wood,Chv,37,48.513,185.517,14,1,True
4391,Jack Wood,Chv,38,48.497,185.578,16,1,True
4391,Jack Wood,Chv,39,48.826,184.328,15,1,True
4391,Jack Wood,Chv,40,54.388,165.478,10,2,True
4391,Jack Wood,Chv,48,51.995,173.094,15,1,True
4391,Jack Wood,Chv,49,48.31,186.297,15,1,True
4391,Jack Wood,Chv,50,48.067,187.239,15,1,True
4391,Jack Wood,Chv,51,47.929,187.778,15,1,True
4391,Jack Wood,Chv,52,47.941,187.731,13,1,True
4391,Jack Wood,Chv,53,48.063,187.254,13,1,True
4391,Jack Wood,Chv,54,48.685,184.862,16,1,True
4391,Jack Wood,Chv,55,49.417,182.124,19,1,True
4391,Jack Wood,Chv,56,49.17,183.038,19,1,True
4391,Jack Wood,Chv,57,48.611,185.143,19,1,True
4391,Jack Wood,Chv,58,60.376,149.066,16,2,True
4391,Jack Wood,Chv,65,52.624,171.025,19,1,True
4391,Jack Wood,Chv,66,48.493,185.594,19,1,True
4391,Jack Wood,Chv,67,48.822,184.343,19,1,True
4391,Jack Wood,Chv,68,61.995,145.173,19,2,True
4205,Stewart Friesen,Tyt,1,53.566,168.017,23,1,True
4205,Stewart Friesen,Tyt,2,54.093,166.38,24,2,True
4205,Stewart Friesen,Tyt,11,51.637,174.294,18,1,True
4205,Stewart Friesen,Tyt,12,48.691,184.839,16,1,True
4205,Stewart Friesen,Tyt,13,48.217,186.656,14,1,True
4205,Stewart Friesen,Tyt,14,48.407,185.924,13,1,True
4205,Stewart Friesen,Tyt,15,48.475,185.663,16,1,True
4205,Stewart Friesen,Tyt,16,48.503,185.556,15,1,True
4205,Stewart Friesen,Tyt,17,48.416,185.889,13,1,True
4205,Stewart Friesen,Tyt,18,48.751,184.612,12,1,True
4205,Stewart Friesen,Tyt,19,48.463,185.709,11,1,True
4205,Stewart Friesen,Tyt,20,48.97,183.786,13,1,True
4205,Stewart Friesen,Tyt,26,52.829,170.361,1,1,True
4205,Stewart Friesen,Tyt,27,48.653,184.983,2,1,True
4205,Stewart Friesen,Tyt,28,48.719,184.733,4,2,True
4205,Stewart Friesen,Tyt,36,52.319,172.022,5,1,True
4205,Stewart Friesen,Tyt,37,48.338,186.189,2,1,True
4205,Stewart Friesen,Tyt,38,48.446,185.774,3,1,True
4205,Stewart Friesen,Tyt,39,48.731,184.687,1,1,True
4205,Stewart Friesen,Tyt,46,52.24,172.282,31,2,True
4205,Stewart Friesen,Tyt,47,50.709,177.483,31,1,True
4205,Stewart Friesen,Tyt,48,51.78,173.812,31,1,True
4205,Stewart Friesen,Tyt,49,52.147,172.589,31,1,True
4205,Stewart Friesen,Tyt,50,51.666,174.196,30,1,True
4205,Stewart Friesen,Tyt,51,64.678,139.151,30,1,True
4205,Stewart Friesen,Tyt,55,67.202,133.925,30,1,True
4205,Stewart Friesen,Tyt,60,55.045,163.503,28,2,True
4205,Stewart Friesen,Tyt,61,54.938,163.821,28,2,True
4205,Stewart Friesen,Tyt,62,56.042,160.594,28,2,True
4422,Rajah Caruth #,Chv,1,53.819,167.227,18,1,True
4422,Rajah Caruth #,Chv,2,53.541,168.095,20,2,True
4422,Rajah Caruth #,Chv,11,51.659,174.219,17,1,True
4422,Rajah Caruth #,Chv,12,48.962,183.816,19,1,True
4422,Rajah Caruth #,Chv,13,48.272,186.443,18,1,True
4422,Rajah Caruth #,Chv,14,48.33,186.22,18,1,True
4422,Rajah Caruth #,Chv,15,48.233,186.594,15,1,True
4422,Rajah Caruth #,Chv,16,48.573,185.288,16,1,True
4422,Rajah Caruth #,Chv,17,48.639,185.037,18,1,True
4422,Rajah Caruth #,Chv,18,49.1,183.299,18,1,True
4422,Rajah Caruth #,Chv,19,48.667,184.93,19,1,True
4422,Rajah Caruth #,Chv,20,49.327,182.456,20,1,True
4422,Rajah Caruth #,Chv,26,52.074,172.831,21,1,True
4422,Rajah Caruth #,Chv,27,48.375,186.047,20,1,True
4422,Rajah Caruth #,Chv,28,48.524,185.475,18,2,True
4422,Rajah Caruth #,Chv,36,52.086,172.791,17,1,True
4422,Rajah Caruth #,Chv,37,47.973,187.606,12,1,True
4422,Rajah Caruth #,Chv,38,48.629,185.075,15,1,True
4422,Rajah Caruth #,Chv,39,50.025,179.91,17,1,True
4422,Rajah Caruth #,Chv,40,66.357,135.63,12,2,True
4422,Rajah Caruth #,Chv,48,51.562,174.547,9,1,True
4422,Rajah Caruth #,Chv,49,48.277,186.424,9,1,True
4422,Rajah Caruth #,Chv,50,48.142,186.947,10,1,True
4422,Rajah Caruth #,Chv,51,47.847,188.1,8,1,True
4422,Rajah Caruth #,Chv,52,47.993,187.527,8,1,True
4422,Rajah Caruth #,Chv,53,48.024,187.406,7,1,True
4422,Rajah Caruth #,Chv,54,48.195,186.741,9,1,True
4422,Rajah Caruth #,Chv,55,48.087,187.161,9,1,True
4422,Rajah Caruth #,Chv,56,47.805,188.265,10,1,True
4422,Rajah Caruth #,Chv,57,48.147,186.928,10,1,True
4451,Daniel Dye #,Chv,1,53.597,167.92,34,1,True
4451,Daniel Dye #,Chv,2,59.87,150.326,34,2,True
4451,Daniel Dye #,Chv,11,51.759,173.883,29,1,True
4451,Daniel Dye #,Chv,12,49.993,180.025,31,1,True
4451,Daniel Dye #,Chv,13,47.685,188.739,29,1,True
4451,Daniel Dye #,Chv,14,47.821,188.202,28,1,True
4451,Daniel Dye #,Chv,15,47.405,189.853,20,1,True
4451,Daniel Dye #,Chv,16,48.355,186.123,20,1,True
4451,Daniel Dye #,Chv,17,48.766,184.555,22,1,True
4451,Daniel Dye #,Chv,18,49.9,180.361,23,1,True
4451,Daniel Dye #,Chv,19,49.787,180.77,24,1,True
4451,Daniel Dye #,Chv,20,49.308,182.526,24,1,True
4451,Daniel Dye #,Chv,26,51.242,175.637,23,1,True
4451,Daniel Dye #,Chv,27,48.393,185.977,22,1,True
4451,Daniel Dye #,Chv,28,48.487,185.617,20,2,True
4451,Daniel Dye #,Chv,36,53.527,168.139,28,1,True
4451,Daniel Dye #,Chv,37,49.731,180.974,29,1,True
4451,Daniel Dye #,Chv,38,48.789,184.468,29,1,True
4451,Daniel Dye #,Chv,39,50.213,179.236,29,1,True
4451,Daniel Dye #,Chv,48,52.442,171.618,13,1,True
4451,Daniel Dye #,Chv,49,48.473,185.67,16,1,True
4451,Daniel Dye #,Chv,50,48.041,187.34,16,1,True
4451,Daniel Dye #,Chv,51,48.041,187.34,17,1,True
4451,Daniel Dye #,Chv,52,47.961,187.652,16,1,True
4451,Daniel Dye #,Chv,53,48.053,187.293,15,1,True
4451,Daniel Dye #,Chv,54,48.034,187.367,14,1,True
4451,Daniel Dye #,Chv,55,48.099,187.114,14,1,True
4451,Daniel Dye #,Chv,56,47.659,188.842,14,1,True
4451,Daniel Dye #,Chv,57,48.166,186.854,13,1,True
4373,Bret Holmes #,Chv,1,53.558,168.042,17,1,True
4373,Bret Holmes #,Chv,2,52.712,170.739,15,2,True
4373,Bret Holmes #,Chv,11,51.732,173.974,12,1,True
4373,Bret Holmes #,Chv,12,48.921,183.97,15,1,True
4373,Bret Holmes #,Chv,13,48.431,185.831,17,1,True
4373,Bret Holmes #,Chv,14,48.404,185.935,17,1,True
4373,Bret Holmes #,Chv,15,48.483,185.632,19,1,True
4373,Bret Holmes #,Chv,16,48.561,185.334,19,1,True
4373,Bret Holmes #,Chv,17,48.604,185.17,19,1,True
4373,Bret Holmes #,Chv,18,49.027,183.572,19,1,True
4373,Bret Holmes #,Chv,19,48.051,187.301,16,1,True
4373,Bret Holmes #,Chv,20,48.76,184.578,15,1,True
4373,Bret Holmes #,Chv,26,52.266,172.196,20,1,True
4373,Bret Holmes #,Chv,27,48.484,185.628,21,1,True
4373,Bret Holmes #,Chv,28,48.666,184.934,22,2,True
4373,Bret Holmes #,Chv,36,51.786,173.792,13,1,True
4373,Bret Holmes #,Chv,37,48.5,185.567,16,1,True
4373,Bret Holmes #,Chv,38,48.498,185.575,17,1,True
4373,Bret Holmes #,Chv,39,48.834,184.298,16,1,True
4373,Bret Holmes #,Chv,48,54.537,165.026,30,1,True
4373,Bret Holmes #,Chv,49,64.878,138.722,30,1,True
3914,Parker Kligerman(i),Chv,1,53.557,168.045,21,1,True
3914,Parker Kligerman(i),Chv,2,53.677,167.67,21,2,True
3914,Parker Kligerman(i),Chv,11,51.199,175.785,27,1,True
3914,Parker Kligerman(i),Chv,12,49.833,180.603,29,1,True
3914,Parker Kligerman(i),Chv,13,47.457,189.645,28,1,True
3914,Parker Kligerman(i),Chv,14,47.673,188.786,23,1,True
3914,Parker Kligerman(i),Chv,15,48.426,185.851,23,1,True
3914,Parker Kligerman(i),Chv,16,48.25,186.528,22,1,True
3914,Parker Kligerman(i),Chv,17,49.396,182.201,23,1,True
3914,Parker Kligerman(i),Chv,18,49.007,183.647,24,1,True
3914,Parker Kligerman(i),Chv,19,48.855,184.219,23,1,True
3914,Parker Kligerman(i),Chv,20,48.345,186.162,23,1,True
3914,Parker Kligerman(i),Chv,26,52.742,170.642,3,1,True
3914,Parker Kligerman(i),Chv,27,48.59,185.223,4,1,True
3914,Parker Kligerman(i),Chv,28,48.774,184.525,6,2,True
3914,Parker Kligerman(i),Chv,36,52.241,172.278,7,1,True
3914,Parker Kligerman(i),Chv,37,48.325,186.239,4,1,True
3914,Parker Kligerman(i),Chv,38,48.472,185.674,5,1,True
3914,Parker Kligerman(i),Chv,39,49.011,183.632,7,1,True
3914,Parker Kligerman(i),Chv,40,68.774,130.863,14,2,True
4287,Codie Rohrbaugh,Chv,1,53.581,167.97,25,1,True
4287,Codie Rohrbaugh,Chv,2,54.703,164.525,27,2,True
4287,Codie Rohrbaugh,Chv,11,52.451,171.589,26,1,True
4287,Codie Rohrbaugh,Chv,12,49.895,180.379,28,1,True
4287,Codie Rohrbaugh,Chv,13,48.263,186.478,30,1,True
4287,Codie Rohrbaugh,Chv,14,47.709,188.644,29,1,True
4287,Codie Rohrbaugh,Chv,15,48.799,184.43,28,1,True
4287,Codie Rohrbaugh,Chv,16,48.474,185.667,28,1,True
4287,Codie Rohrbaugh,Chv,17,49.552,181.627,28,1,True
4287,Codie Rohrbaugh,Chv,18,49.298,182.563,28,1,True
4287,Codie Rohrbaugh,Chv,19,49.256,182.719,28,1,True
4287,Codie Rohrbaugh,Chv,20,49.925,180.27,29,1,True
4287,Codie Rohrbaugh,Chv,26,51.936,173.29,29,1,True
4287,Codie Rohrbaugh,Chv,27,48.694,184.828,29,1,True
4287,Codie Rohrbaugh,Chv,28,50.597,177.876,30,2,True
4287,Codie Rohrbaugh,Chv,36,51.185,175.833,18,1,True
4287,Codie Rohrbaugh,Chv,37,47.9,187.891,15,1,True
4287,Codie Rohrbaugh,Chv,38,48.281,186.409,11,1,True
4287,Codie Rohrbaugh,Chv,39,48.942,183.891,13,1,True
3936,Clay Greenfield,Tyt,1,54.083,166.411,30,1,True
3936,Clay Greenfield,Tyt,2,54.664,164.642,29,2,True
3936,Clay Greenfield,Tyt,11,51.665,174.199,20,1,True
3936,Clay Greenfield,Tyt,12,48.653,184.983,18,1,True
3936,Clay Greenfield,Tyt,13,48.195,186.741,16,1,True
3936,Clay Greenfield,Tyt,14,48.405,185.931,16,1,True
3936,Clay Greenfield,Tyt,15,48.486,185.621,18,1,True
3936,Clay Greenfield,Tyt,16,48.516,185.506,17,1,True
3936,Clay Greenfield,Tyt,17,48.387,186.0,15,1,True
3936,Clay Greenfield,Tyt,18,48.767,184.551,14,1,True
3936,Clay Greenfield,Tyt,19,48.444,185.782,12,1,True
3936,Clay Greenfield,Tyt,20,48.773,184.528,11,1,True
3936,Clay Greenfield,Tyt,26,52.235,172.298,17,1,True
3936,Clay Greenfield,Tyt,27,48.462,185.713,18,1,True
3936,Clay Greenfield,Tyt,28,48.548,185.384,15,2,True
4366,Hailie Deegan,Frd,1,53.905,166.96,8,1,True
4366,Hailie Deegan,Frd,2,51.721,174.011,6,2,True
4366,Hailie Deegan,Frd,11,52.148,172.586,7,1,True
4366,Hailie Deegan,Frd,12,48.626,185.086,6,1,True
4366,Hailie Deegan,Frd,13,48.358,186.112,6,1,True
4366,Hailie Deegan,Frd,14,48.467,185.693,6,1,True
4366,Hailie Deegan,Frd,15,48.436,185.812,8,1,True
4366,Hailie Deegan,Frd,16,48.549,185.38,7,1,True
4366,Hailie Deegan,Frd,17,48.505,185.548,7,1,True
4366,Hailie Deegan,Frd,18,48.707,184.778,6,1,True
4366,Hailie Deegan,Frd,19,48.514,185.513,6,1,True
4366,Hailie Deegan,Frd,20,48.824,184.336,4,1,True
4366,Hailie Deegan,Frd,21,69.619,129.275,5,2,True
4366,Hailie Deegan,Frd,26,52.355,171.903,18,1,True
4366,Hailie Deegan,Frd,27,48.508,185.536,19,1,True
4366,Hailie Deegan,Frd,28,48.64,185.033,19,2,True
4414,Dean Thompson,Tyt,1,53.705,167.582,14,1,True
4414,Dean Thompson,Tyt,2,52.371,171.851,11,2,True
4414,Dean Thompson,Tyt,11,51.761,173.876,10,1,True
4414,Dean Thompson,Tyt,12,48.919,183.978,13,1,True
4414,Dean Thompson,Tyt,13,48.817,184.362,20,1,True
4414,Dean Thompson,Tyt,14,48.361,186.1,21,1,True
4414,Dean Thompson,Tyt,15,49.061,183.445,24,1,True
4414,Dean Thompson,Tyt,16,49.224,182.838,26,1,True
4414,Dean Thompson,Tyt,17,49.529,181.712,26,1,True
4414,Dean Thompson,Tyt,18,48.462,185.713,25,1,True
4414,Dean Thompson,Tyt,19,49.242,182.771,25,1,True
4414,Dean Thompson,Tyt,20,49.304,182.541,25,1,True
4414,Dean Thompson,Tyt,26,51.57,174.52,30,1,True
4414,Dean Thompson,Tyt,27,47.943,187.723,24,1,True
4414,Dean Thompson,Tyt,28,48.531,185.448,23,2,True
